hour,avg_pm2_5,avg_pm10,avg_aqi,sample_count
0,22.81,24.06,77.0,9
1,22.09,23.66,76.78,9
2,18.87,20.77,76.67,9
3,18.03,20.04,76.67,9
4,20.3,22.32,80.17,6
5,20.45,22.15,80.0,6
6,21.17,22.77,79.67,6
7,21.18,22.7,81.67,6
8,21.15,22.85,86.17,6
9,20.55,22.05,93.5,6
10,22.33,23.72,101.0,6
11,25.22,26.48,103.83,6
12,21.67,22.92,103.67,6
13,22.38,23.53,99.67,6
14,22.15,23.32,93.17,6
15,22.6,23.78,84.0,6
16,23.72,24.88,78.5,6
17,24.28,25.35,78.0,6
18,24.38,25.48,78.0,6
19,25.53,26.52,77.5,6
20,25.32,26.32,77.67,6
21,23.77,24.68,77.33,6
22,23.07,23.98,76.83,6
23,23.52,24.48,75.83,6
