"record_id","city","latitude","longitude","timestamp_utc","timestamp_vn","temperature_2m","relative_humidity_2m","surface_pressure","wind_speed_10m","pm2_5","pm10","carbon_monoxide","nitrogen_dioxide","sulphur_dioxide","ozone","us_aqi","aqi_category","hour","collected_at","year","month","day"
"HoChiMinh_202610060300_051f8","HoChiMinh","10.8231","106.6297","2026-10-06 03:00:00","2026-10-06 10:00:00","30.4","72.0","1013.7","2.9","25.8","27.3","985.0","39.1","58.6","101.0","110","Unhealthy for Sensitive Groups","3","2026-10-06T03:00:00+00:00","2026","10","06"
"HaNoi_202610060300_051f8","HaNoi","21.0285","105.8542","2026-10-06 03:00:00","2026-10-06 10:00:00","25.3","47.0","1018.3","17.3","12.3","15.8","333.0","4.6","9.3","107.0","58","Moderate","3","2026-10-06T03:00:00+00:00","2026","10","06"
"DaNang_202610060300_051f8","DaNang","16.0544","108.2022","2026-10-06 03:00:00","2026-10-06 10:00:00","25.7","88.0","1015.7","3.0","2.9","3.5","542.0","4.3","1.1","101.0","38","Good","3","2026-10-06T03:00:00+00:00","2026","10","06"
"HoChiMinh_202610060200_050f8","HoChiMinh","10.8231","106.6297","2026-10-06 02:00:00","2026-10-06 09:00:00","29.5","74.0","1013.6","2.3","27.8","29.7","1196.0","44.8","56.3","75.0","109","Unhealthy for Sensitive Groups","2","2026-10-06T02:00:00+00:00","2026","10","06"
"HaNoi_202610060200_050f8","HaNoi","21.0285","105.8542","2026-10-06 02:00:00","2026-10-06 09:00:00","24.5","49.0","1018.7","17.9","12.9","15.7","449.0","7.6","10.1","90.0","58","Moderate","2","2026-10-06T02:00:00+00:00","2026","10","06"
"DaNang_202610060200_050f8","DaNang","16.0544","108.2022","2026-10-06 02:00:00","2026-10-06 09:00:00","25.3","90.0","1015.9","3.5","2.8","3.3","541.0","4.7","1.1","95.0","37","Good","2","2026-10-06T02:00:00+00:00","2026","10","06"
"HoChiMinh_202610060100_049f8","HoChiMinh","10.8231","106.6297","2026-10-06 01:00:00","2026-10-06 08:00:00","27.8","86.0","1012.9","3.4","31.0","32.4","1459.0","50.5","51.3","48.0","109","Unhealthy for Sensitive Groups","1","2026-10-06T01:00:00+00:00","2026","10","06"
"DaNang_202610060100_049f8","DaNang","16.0544","108.2022","2026-10-06 01:00:00","2026-10-06 08:00:00","24.2","93.0","1015.5","4.5","2.9","3.4","517.0","4.8","1.1","90.0","36","Good","1","2026-10-06T01:00:00+00:00","2026","10","06"
"HaNoi_202610060100_049f8","HaNoi","21.0285","105.8542","2026-10-06 01:00:00","2026-10-06 08:00:00","23.6","57.0","1018.4","14.8","14.7","16.5","600.0","11.5","11.0","70.0","58","Moderate","1","2026-10-06T01:00:00+00:00","2026","10","06"
"HoChiMinh_202610060000_048f8","HoChiMinh","10.8231","106.6297","2026-10-06 00:00:00","2026-10-06 07:00:00","26.1","94.0","1011.8","5.8","32.1","32.4","1606.0","54.4","47.5","29.0","110","Unhealthy for Sensitive Groups","0","2026-10-06T00:00:00+00:00","2026","10","06"
"DaNang_202610060000_048f8","DaNang","16.0544","108.2022","2026-10-06 00:00:00","2026-10-06 07:00:00","24.1","94.0","1015.0","8.9","2.6","3.1","494.0","4.9","1.1","87.0","36","Good","0","2026-10-06T00:00:00+00:00","2026","10","06"
"HaNoi_202610060000_048f8","HaNoi","21.0285","105.8542","2026-10-06 00:00:00","2026-10-06 07:00:00","22.5","61.0","1017.6","16.0","14.6","15.7","673.0","14.4","11.6","55.0","57","Moderate","0","2026-10-06T00:00:00+00:00","2026","10","06"
"DaNang_202610052300_047f8","DaNang","16.0544","108.2022","2026-10-05 23:00:00","2026-10-06 06:00:00","23.9","97.0","1013.6","9.6","3.9","4.8","480.0","5.5","1.8","79.0","41","Good","23","2026-10-05T23:00:00+00:00","2026","10","05"
"HoChiMinh_202610052300_047f8","HoChiMinh","10.8231","106.6297","2026-10-05 23:00:00","2026-10-06 06:00:00","24.5","98.0","1011.6","2.2","46.4","46.6","1528.0","57.9","52.1","18.0","109","Unhealthy for Sensitive Groups","23","2026-10-05T23:00:00+00:00","2026","10","05"
"HaNoi_202610052300_047f8","HaNoi","21.0285","105.8542","2026-10-05 23:00:00","2026-10-06 06:00:00","21.9","62.0","1016.7","14.4","15.9","17.1","581.0","17.8","11.9","46.0","57","Moderate","23","2026-10-05T23:00:00+00:00","2026","10","05"
"DaNang_202610052200_046f8","DaNang","16.0544","108.2022","2026-10-05 22:00:00","2026-10-06 05:00:00","24.0","96.0","1013.1","10.0","3.9","4.9","466.0","5.3","1.8","77.0","47","Good","22","2026-10-05T22:00:00+00:00","2026","10","05"
"HaNoi_202610052200_046f8","HaNoi","21.0285","105.8542","2026-10-05 22:00:00","2026-10-06 05:00:00","22.2","63.0","1016.2","13.3","13.0","13.8","409.0","13.5","9.4","54.0","57","Moderate","22","2026-10-05T22:00:00+00:00","2026","10","05"
"HoChiMinh_202610052200_046f8","HoChiMinh","10.8231","106.6297","2026-10-05 22:00:00","2026-10-06 05:00:00","24.3","99.0","1010.5","6.3","46.9","47.0","1335.0","67.1","53.6","12.0","108","Unhealthy for Sensitive Groups","22","2026-10-05T22:00:00+00:00","2026","10","05"
"HoChiMinh_202610052100_045f8","HoChiMinh","10.8231","106.6297","2026-10-05 21:00:00","2026-10-06 04:00:00","24.4","98.0","1011.2","6.0","50.8","50.9","1181.0","73.7","54.6","9.0","106","Unhealthy for Sensitive Groups","21","2026-10-05T21:00:00+00:00","2026","10","05"
"DaNang_202610052100_045f8","DaNang","16.0544","108.2022","2026-10-05 21:00:00","2026-10-06 04:00:00","24.4","95.0","1012.8","9.9","4.3","5.5","457.0","5.2","1.7","76.0","51","Moderate","21","2026-10-05T21:00:00+00:00","2026","10","05"
"HaNoi_202610052100_045f8","HaNoi","21.0285","105.8542","2026-10-05 21:00:00","2026-10-06 04:00:00","22.3","64.0","1015.9","13.4","11.7","12.3","300.0","10.1","7.6","60.0","57","Moderate","21","2026-10-05T21:00:00+00:00","2026","10","05"
"DaNang_202610052000_044f8","DaNang","16.0544","108.2022","2026-10-05 20:00:00","2026-10-06 03:00:00","24.5","94.0","1012.8","11.4","4.5","5.7","451.0","5.1","1.6","76.0","52","Moderate","20","2026-10-05T20:00:00+00:00","2026","10","05"
"HaNoi_202610052000_044f8","HaNoi","21.0285","105.8542","2026-10-05 20:00:00","2026-10-06 03:00:00","22.6","63.0","1015.8","14.5","10.8","11.2","310.0","8.8","6.9","62.0","57","Moderate","20","2026-10-05T20:00:00+00:00","2026","10","05"
"HoChiMinh_202610052000_044f8","HoChiMinh","10.8231","106.6297","2026-10-05 20:00:00","2026-10-06 03:00:00","24.6","96.0","1011.5","6.2","57.6","57.7","1073.0","76.3","54.3","8.0","105","Unhealthy for Sensitive Groups","20","2026-10-05T20:00:00+00:00","2026","10","05"
"HaNoi_202610051900_043f8","HaNoi","21.0285","105.8542","2026-10-05 19:00:00","2026-10-06 02:00:00","22.7","63.0","1016.0","15.7","10.3","10.7","382.0","8.3","6.8","63.0","57","Moderate","19","2026-10-05T19:00:00+00:00","2026","10","05"
"DaNang_202610051900_043f8","DaNang","16.0544","108.2022","2026-10-05 19:00:00","2026-10-06 02:00:00","24.7","91.0","1012.9","6.8","4.4","5.8","450.0","5.0","1.4","77.0","54","Moderate","19","2026-10-05T19:00:00+00:00","2026","10","05"
"HoChiMinh_202610051900_043f8","HoChiMinh","10.8231","106.6297","2026-10-05 19:00:00","2026-10-06 02:00:00","25.4","97.0","1011.1","1.3","59.8","59.8","1005.0","76.4","53.5","10.0","102","Unhealthy for Sensitive Groups","19","2026-10-05T19:00:00+00:00","2026","10","05"
"HoChiMinh_202610051800_042f8","HoChiMinh","10.8231","106.6297","2026-10-05 18:00:00","2026-10-06 01:00:00","25.3","99.0","1012.0","5.0","56.1","56.2","1116.0","74.6","52.2","13.0","101","Unhealthy for Sensitive Groups","18","2026-10-05T18:00:00+00:00","2026","10","05"
"HaNoi_202610051800_042f8","HaNoi","21.0285","105.8542","2026-10-05 18:00:00","2026-10-06 01:00:00","23.1","62.0","1016.5","17.1","10.2","10.5","484.0","8.5","7.4","63.0","57","Moderate","18","2026-10-05T18:00:00+00:00","2026","10","05"
"DaNang_202610051800_042f8","DaNang","16.0544","108.2022","2026-10-05 18:00:00","2026-10-06 01:00:00","26.3","89.0","1012.7","8.4","5.2","6.9","453.0","5.0","1.3","78.0","56","Moderate","18","2026-10-05T18:00:00+00:00","2026","10","05"
"DaNang_202610051700_041f8","DaNang","16.0544","108.2022","2026-10-05 17:00:00","2026-10-06 00:00:00","26.1","91.0","1013.6","3.7","6.5","8.5","467.0","5.1","1.4","77.0","57","Moderate","17","2026-10-05T17:00:00+00:00","2026","10","05"
"HaNoi_202610051700_041f8","HaNoi","21.0285","105.8542","2026-10-05 17:00:00","2026-10-06 00:00:00","22.8","62.0","1016.9","16.6","10.6","10.9","632.0","9.1","8.8","63.0","57","Moderate","17","2026-10-05T17:00:00+00:00","2026","10","05"
"HoChiMinh_202610051700_041f8","HoChiMinh","10.8231","106.6297","2026-10-05 17:00:00","2026-10-06 00:00:00","26.5","95.0","1012.4","2.7","55.3","55.4","1567.0","70.7","50.7","17.0","99","Moderate","17","2026-10-05T17:00:00+00:00","2026","10","05"
"HoChiMinh_202610051600_040f8","HoChiMinh","10.8231","106.6297","2026-10-05 16:00:00","2026-10-05 23:00:00","26.8","93.0","1012.7","0.9","53.0","53.1","2196.0","65.0","48.8","22.0","98","Moderate","16","2026-10-05T16:00:00+00:00","2026","10","05"
"DaNang_202610051600_040f8","DaNang","16.0544","108.2022","2026-10-05 16:00:00","2026-10-05 23:00:00","26.2","91.0","1013.6","5.2","6.6","8.8","487.0","5.4","1.5","75.0","58","Moderate","16","2026-10-05T16:00:00+00:00","2026","10","05"
"HaNoi_202610051600_040f8","HaNoi","21.0285","105.8542","2026-10-05 16:00:00","2026-10-05 23:00:00","23.0","64.0","1017.4","16.0","12.0","12.3","809.0","10.3","10.7","62.0","57","Moderate","16","2026-10-05T16:00:00+00:00","2026","10","05"
"HoChiMinh_202610051500_039f8","HoChiMinh","10.8231","106.6297","2026-10-05 15:00:00","2026-10-05 22:00:00","27.1","92.0","1012.3","1.1","46.0","46.0","2658.0","59.2","46.2","31.0","109","Unhealthy for Sensitive Groups","15","2026-10-05T15:00:00+00:00","2026","10","05"
"HaNoi_202610051500_039f8","HaNoi","21.0285","105.8542","2026-10-05 15:00:00","2026-10-05 22:00:00","23.3","66.0","1017.2","15.5","14.9","15.1","933.0","13.1","12.8","60.0","57","Moderate","15","2026-10-05T15:00:00+00:00","2026","10","05"
"DaNang_202610051500_039f8","DaNang","16.0544","108.2022","2026-10-05 15:00:00","2026-10-05 22:00:00","26.5","88.0","1013.9","4.8","7.1","9.3","496.0","5.5","1.6","74.0","59","Moderate","15","2026-10-05T15:00:00+00:00","2026","10","05"
"DaNang_202610051400_038f8","DaNang","16.0544","108.2022","2026-10-05 14:00:00","2026-10-05 21:00:00","26.5","87.0","1013.9","5.6","7.0","9.5","486.0","5.5","1.7","75.0","59","Moderate","14","2026-10-05T14:00:00+00:00","2026","10","05"
"HoChiMinh_202610051400_038f8","HoChiMinh","10.8231","106.6297","2026-10-05 14:00:00","2026-10-05 21:00:00","27.2","90.0","1011.8","3.8","39.2","39.3","2847.0","53.1","42.2","46.0","142","Unhealthy for Sensitive Groups","14","2026-10-05T14:00:00+00:00","2026","10","05"
"HaNoi_202610051400_038f8","HaNoi","21.0285","105.8542","2026-10-05 14:00:00","2026-10-05 21:00:00","23.5","68.0","1016.8","14.0","18.9","19.0","967.0","18.9","15.0","56.0","57","Moderate","14","2026-10-05T14:00:00+00:00","2026","10","05"
"DaNang_202610051300_037f8","DaNang","16.0544","108.2022","2026-10-05 13:00:00","2026-10-05 20:00:00","26.0","81.0","1013.6","9.0","6.4","8.8","466.0","5.4","1.8","78.0","60","Moderate","13","2026-10-05T13:00:00+00:00","2026","10","05"
"HaNoi_202610051300_037f8","HaNoi","21.0285","105.8542","2026-10-05 13:00:00","2026-10-05 20:00:00","23.8","70.0","1015.7","14.2","24.9","25.1","947.0","26.3","17.4","51.0","56","Moderate","13","2026-10-05T13:00:00+00:00","2026","10","05"
"HoChiMinh_202610051300_037f8","HoChiMinh","10.8231","106.6297","2026-10-05 13:00:00","2026-10-05 20:00:00","27.5","87.0","1010.8","7.1","38.5","38.6","2869.0","46.7","37.6","63.0","162","Unhealthy","13","2026-10-05T13:00:00+00:00","2026","10","05"
"HoChiMinh_202610051200_036f8","HoChiMinh","10.8231","106.6297","2026-10-05 12:00:00","2026-10-05 19:00:00","27.9","87.0","1010.7","8.1","33.3","33.4","2693.0","42.3","34.3","76.0","172","Unhealthy","12","2026-10-05T12:00:00+00:00","2026","10","05"
"HaNoi_202610051200_036f8","HaNoi","21.0285","105.8542","2026-10-05 12:00:00","2026-10-05 19:00:00","24.1","71.0","1014.6","13.6","27.6","28.2","903.0","31.6","19.0","48.0","56","Moderate","12","2026-10-05T12:00:00+00:00","2026","10","05"
"DaNang_202610051200_036f8","DaNang","16.0544","108.2022","2026-10-05 12:00:00","2026-10-05 19:00:00","28.5","72.0","1012.0","14.2","6.0","8.4","448.0","5.3","1.8","80.0","60","Moderate","12","2026-10-05T12:00:00+00:00","2026","10","05"
"DaNang_202610051100_035f8","DaNang","16.0544","108.2022","2026-10-05 11:00:00","2026-10-05 18:00:00","27.3","78.0","1011.1","11.4","6.4","8.8","433.0","6.0","2.4","77.0","61","Moderate","11","2026-10-05T11:00:00+00:00","2026","10","05"
"HaNoi_202610051100_035f8","HaNoi","21.0285","105.8542","2026-10-05 11:00:00","2026-10-05 18:00:00","24.7","66.0","1012.8","11.4","19.4","19.6","829.0","24.3","16.6","58.0","56","Moderate","11","2026-10-05T11:00:00+00:00","2026","10","05"
"HoChiMinh_202610051100_035f8","HoChiMinh","10.8231","106.6297","2026-10-05 11:00:00","2026-10-05 18:00:00","26.3","93.0","1009.8","4.8","41.8","42.0","2188.0","40.5","39.5","132.0","168","Unhealthy","11","2026-10-05T11:00:00+00:00","2026","10","05"
"HoChiMinh_202610051000_034f8","HoChiMinh","10.8231","106.6297","2026-10-05 10:00:00","2026-10-05 17:00:00","26.4","93.0","1009.1","3.1","36.4","36.7","1484.0","28.9","38.4","178.0","152","Unhealthy","10","2026-10-05T10:00:00+00:00","2026","10","05"
"DaNang_202610051000_034f8","DaNang","16.0544","108.2022","2026-10-05 10:00:00","2026-10-05 17:00:00","29.3","71.0","1010.2","15.7","7.0","9.9","420.0","4.6","1.8","80.0","62","Moderate","10","2026-10-05T10:00:00+00:00","2026","10","05"
"HaNoi_202610051000_034f8","HaNoi","21.0285","105.8542","2026-10-05 10:00:00","2026-10-05 17:00:00","25.7","65.0","1012.0","11.6","14.8","14.8","731.0","17.5","13.4","72.0","57","Moderate","10","2026-10-05T10:00:00+00:00","2026","10","05"
"DaNang_202610050900_033f8","DaNang","16.0544","108.2022","2026-10-05 09:00:00","2026-10-05 16:00:00","29.9","69.0","1009.5","18.0","7.1","10.2","412.0","3.5","1.3","83.0","63","Moderate","9","2026-10-05T09:00:00+00:00","2026","10","05"
"HaNoi_202610050900_033f8","HaNoi","21.0285","105.8542","2026-10-05 09:00:00","2026-10-05 16:00:00","26.1","63.0","1011.9","10.9","11.4","11.4","654.0","11.9","11.1","84.0","58","Moderate","9","2026-10-05T09:00:00+00:00","2026","10","05"
"HoChiMinh_202610050900_033f8","HoChiMinh","10.8231","106.6297","2026-10-05 09:00:00","2026-10-05 16:00:00","27.5","82.0","1008.8","13.2","35.6","35.9","942.0","20.1","37.7","211.0","118","Unhealthy for Sensitive Groups","9","2026-10-05T09:00:00+00:00","2026","10","05"
"HaNoi_202610050800_032f8","HaNoi","21.0285","105.8542","2026-10-05 08:00:00","2026-10-05 15:00:00","25.6","66.0","1012.4","10.3","9.9","9.9","617.0","9.3","10.5","91.0","59","Moderate","8","2026-10-05T08:00:00+00:00","2026","10","05"
"HoChiMinh_202610050800_032f8","HoChiMinh","10.8231","106.6297","2026-10-05 08:00:00","2026-10-05 15:00:00","32.1","61.0","1007.3","6.8","35.6","35.9","719.0","15.7","37.1","220.0","95","Moderate","8","2026-10-05T08:00:00+00:00","2026","10","05"
"DaNang_202610050800_032f8","DaNang","16.0544","108.2022","2026-10-05 08:00:00","2026-10-05 15:00:00","30.9","60.0","1009.2","17.8","7.3","10.5","414.0","2.8","1.2","86.0","65","Moderate","8","2026-10-05T08:00:00+00:00","2026","10","05"
"HaNoi_202610050700_031f8","HaNoi","21.0285","105.8542","2026-10-05 07:00:00","2026-10-05 14:00:00","25.3","67.0","1013.3","10.6","9.9","9.9","603.0","8.1","10.7","95.0","60","Moderate","7","2026-10-05T07:00:00+00:00","2026","10","05"
"DaNang_202610050700_031f8","DaNang","16.0544","108.2022","2026-10-05 07:00:00","2026-10-05 14:00:00","31.9","56.0","1009.6","18.0","7.6","11.0","421.0","2.3","1.4","90.0","66","Moderate","7","2026-10-05T07:00:00+00:00","2026","10","05"
"HoChiMinh_202610050700_031f8","HoChiMinh","10.8231","106.6297","2026-10-05 07:00:00","2026-10-05 14:00:00","32.9","58.0","1008.2","6.2","32.0","32.1","658.0","14.0","36.9","215.0","95","Moderate","7","2026-10-05T07:00:00+00:00","2026","10","05"
"HaNoi_202610050600_030f8","HaNoi","21.0285","105.8542","2026-10-05 06:00:00","2026-10-05 13:00:00","25.3","69.0","1014.5","12.6","9.1","9.2","602.0","7.5","10.8","96.0","61","Moderate","6","2026-10-05T06:00:00+00:00","2026","10","05"
"DaNang_202610050600_030f8","DaNang","16.0544","108.2022","2026-10-05 06:00:00","2026-10-05 13:00:00","32.5","57.0","1010.5","20.1","8.2","11.7","429.0","2.1","1.6","94.0","68","Moderate","6","2026-10-05T06:00:00+00:00","2026","10","05"
"HoChiMinh_202610050600_030f8","HoChiMinh","10.8231","106.6297","2026-10-05 06:00:00","2026-10-05 13:00:00","33.3","57.0","1009.1","5.4","27.7","27.8","647.0","14.6","37.6","201.0","95","Moderate","6","2026-10-05T06:00:00+00:00","2026","10","05"
"HaNoi_202610050500_029f8","HaNoi","21.0285","105.8542","2026-10-05 05:00:00","2026-10-05 12:00:00","23.2","81.0","1014.9","9.6","8.0","8.0","628.0","7.5","10.7","91.0","62","Moderate","5","2026-10-05T05:00:00+00:00","2026","10","05"
"HoChiMinh_202610050500_029f8","HoChiMinh","10.8231","106.6297","2026-10-05 05:00:00","2026-10-05 12:00:00","32.4","65.0","1009.7","2.7","23.4","23.5","655.0","17.4","39.7","175.0","96","Moderate","5","2026-10-05T05:00:00+00:00","2026","10","05"
"DaNang_202610050500_029f8","DaNang","16.0544","108.2022","2026-10-05 05:00:00","2026-10-05 12:00:00","32.7","54.0","1011.2","17.0","8.7","12.3","417.0","1.9","1.6","100.0","69","Moderate","5","2026-10-05T05:00:00+00:00","2026","10","05"
"HoChiMinh_202610050400_028f8","HoChiMinh","10.8231","106.6297","2026-10-05 04:00:00","2026-10-05 11:00:00","31.8","67.0","1011.0","3.3","20.8","21.0","713.0","22.5","42.8","140.0","96","Moderate","4","2026-10-05T04:00:00+00:00","2026","10","05"
"DaNang_202610050400_028f8","DaNang","16.0544","108.2022","2026-10-05 04:00:00","2026-10-05 11:00:00","33.2","51.0","1012.0","11.3","8.9","12.5","404.0","2.0","1.8","107.0","71","Moderate","4","2026-10-05T04:00:00+00:00","2026","10","05"
"HaNoi_202610050400_028f8","HaNoi","21.0285","105.8542","2026-10-05 04:00:00","2026-10-05 11:00:00","23.3","80.0","1015.9","10.7","7.5","7.5","667.0","8.1","10.5","83.0","63","Moderate","4","2026-10-05T04:00:00+00:00","2026","10","05"
"HaNoi_202610050300_027f8","HaNoi","21.0285","105.8542","2026-10-05 03:00:00","2026-10-05 10:00:00","23.2","78.0","1016.3","10.0","7.8","7.9","676.0","9.0","10.2","74.0","64","Moderate","3","2026-10-05T03:00:00+00:00","2026","10","05"
"HoChiMinh_202610050300_027f8","HoChiMinh","10.8231","106.6297","2026-10-05 03:00:00","2026-10-05 10:00:00","31.0","70.0","1011.6","3.6","20.2","20.4","798.0","28.9","45.8","107.0","97","Moderate","3","2026-10-05T03:00:00+00:00","2026","10","05"
"DaNang_202610050300_027f8","DaNang","16.0544","108.2022","2026-10-05 03:00:00","2026-10-05 10:00:00","32.6","53.0","1012.7","8.9","8.9","12.3","447.0","3.4","2.8","108.0","73","Moderate","3","2026-10-05T03:00:00+00:00","2026","10","05"
"HaNoi_202610050200_026f8","HaNoi","21.0285","105.8542","2026-10-05 02:00:00","2026-10-05 09:00:00","23.0","78.0","1016.0","11.3","8.5","8.8","626.0","10.2","9.7","64.0","65","Moderate","2","2026-10-05T02:00:00+00:00","2026","10","05"
"HoChiMinh_202610050200_026f8","HoChiMinh","10.8231","106.6297","2026-10-05 02:00:00","2026-10-05 09:00:00","30.0","73.0","1011.6","3.1","21.7","22.4","919.0","38.0","48.8","77.0","98","Moderate","2","2026-10-05T02:00:00+00:00","2026","10","05"
"DaNang_202610050200_026f8","DaNang","16.0544","108.2022","2026-10-05 02:00:00","2026-10-05 09:00:00","31.8","56.0","1013.0","7.8","8.5","11.5","607.0","7.2","5.6","98.0","74","Moderate","2","2026-10-05T02:00:00+00:00","2026","10","05"
"DaNang_202610050100_025f8","DaNang","16.0544","108.2022","2026-10-05 01:00:00","2026-10-05 08:00:00","30.6","64.0","1012.7","3.6","8.1","10.7","823.0","12.2","9.3","83.0","76","Moderate","1","2026-10-05T01:00:00+00:00","2026","10","05"
"HaNoi_202610050100_025f8","HaNoi","21.0285","105.8542","2026-10-05 01:00:00","2026-10-05 08:00:00","22.5","83.0","1015.3","14.7","9.8","10.0","544.0","11.6","9.1","54.0","66","Moderate","1","2026-10-05T01:00:00+00:00","2026","10","05"
"HoChiMinh_202610050100_025f8","HoChiMinh","10.8231","106.6297","2026-10-05 01:00:00","2026-10-05 08:00:00","28.8","80.0","1011.5","0.8","30.6","31.7","1068.0","48.4","51.9","49.0","100","Moderate","1","2026-10-05T01:00:00+00:00","2026","10","05"
"HoChiMinh_202610050000_024f8","HoChiMinh","10.8231","106.6297","2026-10-05 00:00:00","2026-10-05 07:00:00","27.4","92.0","1011.1","1.5","35.0","35.4","1198.0","55.9","54.0","30.0","101","Unhealthy for Sensitive Groups","0","2026-10-05T00:00:00+00:00","2026","10","05"
"HaNoi_202610050000_024f8","HaNoi","21.0285","105.8542","2026-10-05 00:00:00","2026-10-05 07:00:00","22.3","87.0","1014.2","13.5","9.2","9.3","470.0","12.6","8.7","47.0","67","Moderate","0","2026-10-05T00:00:00+00:00","2026","10","05"
"DaNang_202610050000_024f8","DaNang","16.0544","108.2022","2026-10-05 00:00:00","2026-10-05 07:00:00","28.8","76.0","1011.7","2.9","4.0","6.5","958.0","15.9","12.0","72.0","78","Moderate","0","2026-10-05T00:00:00+00:00","2026","10","05"
"DaNang_202610042300_023f8","DaNang","16.0544","108.2022","2026-10-04 23:00:00","2026-10-05 06:00:00","27.3","88.0","1011.0","1.6","26.1","29.5","928.0","15.3","15.1","68.0","78","Moderate","23","2026-10-04T23:00:00+00:00","2026","10","04"
"HoChiMinh_202610042300_023f8","HoChiMinh","10.8231","106.6297","2026-10-04 23:00:00","2026-10-05 06:00:00","25.7","97.0","1010.6","4.5","37.7","37.8","1255.0","48.1","41.2","28.0","101","Unhealthy for Sensitive Groups","23","2026-10-04T23:00:00+00:00","2026","10","04"
"HaNoi_202610042300_023f8","HaNoi","21.0285","105.8542","2026-10-04 23:00:00","2026-10-05 06:00:00","22.5","77.0","1013.6","16.6","11.1","11.1","410.0","11.7","6.5","49.0","69","Moderate","23","2026-10-04T23:00:00+00:00","2026","10","04"
"DaNang_202610042200_022f8","DaNang","16.0544","108.2022","2026-10-04 22:00:00","2026-10-05 05:00:00","27.4","88.0","1010.2","0.2","26.5","29.9","818.0","15.7","13.8","59.0","78","Moderate","22","2026-10-04T22:00:00+00:00","2026","10","04"
"HaNoi_202610042200_022f8","HaNoi","21.0285","105.8542","2026-10-04 22:00:00","2026-10-05 05:00:00","22.7","83.0","1013.1","15.5","11.0","11.0","358.0","9.8","5.8","52.0","70","Moderate","22","2026-10-04T22:00:00+00:00","2026","10","04"
"HoChiMinh_202610042200_022f8","HoChiMinh","10.8231","106.6297","2026-10-04 22:00:00","2026-10-05 05:00:00","25.7","97.0","1010.1","4.8","37.1","37.3","1293.0","53.0","40.2","23.0","101","Unhealthy for Sensitive Groups","22","2026-10-04T22:00:00+00:00","2026","10","04"
"HoChiMinh_202610042100_021f8","HoChiMinh","10.8231","106.6297","2026-10-04 21:00:00","2026-10-05 04:00:00","25.6","98.0","1010.0","3.7","38.9","39.0","1433.0","56.5","39.6","20.0","101","Unhealthy for Sensitive Groups","21","2026-10-04T21:00:00+00:00","2026","10","04"
"DaNang_202610042100_021f8","DaNang","16.0544","108.2022","2026-10-04 21:00:00","2026-10-05 04:00:00","27.3","88.0","1010.1","0.5","25.8","29.3","749.0","15.7","12.5","55.0","78","Moderate","21","2026-10-04T21:00:00+00:00","2026","10","04"
"HaNoi_202610042100_021f8","HaNoi","21.0285","105.8542","2026-10-04 21:00:00","2026-10-05 04:00:00","23.1","88.0","1012.7","15.2","11.1","11.1","330.0","8.4","5.5","56.0","71","Moderate","21","2026-10-04T21:00:00+00:00","2026","10","04"
"DaNang_202610042000_020f8","DaNang","16.0544","108.2022","2026-10-04 20:00:00","2026-10-05 03:00:00","27.5","86.0","1010.2","1.9","28.0","32.1","792.0","15.5","11.5","57.0","78","Moderate","20","2026-10-04T20:00:00+00:00","2026","10","04"
"HaNoi_202610042000_020f8","HaNoi","21.0285","105.8542","2026-10-04 20:00:00","2026-10-05 03:00:00","23.8","89.0","1012.2","13.9","11.2","11.2","336.0","7.9","5.6","60.0","73","Moderate","20","2026-10-04T20:00:00+00:00","2026","10","04"
"HoChiMinh_202610042000_020f8","HoChiMinh","10.8231","106.6297","2026-10-04 20:00:00","2026-10-05 03:00:00","25.9","97.0","1009.9","0.2","39.8","40.0","1776.0","57.7","39.6","20.0","101","Unhealthy for Sensitive Groups","20","2026-10-04T20:00:00+00:00","2026","10","04"
"HaNoi_202610041900_019f8","HaNoi","21.0285","105.8542","2026-10-04 19:00:00","2026-10-05 02:00:00","24.3","91.0","1012.0","14.0","11.7","11.7","367.0","8.0","6.1","63.0","74","Moderate","19","2026-10-04T19:00:00+00:00","2026","10","04"
"DaNang_202610041900_019f8","DaNang","16.0544","108.2022","2026-10-04 19:00:00","2026-10-05 02:00:00","28.1","82.0","1010.5","3.3","27.9","31.9","876.0","15.0","10.4","64.0","77","Moderate","19","2026-10-04T19:00:00+00:00","2026","10","04"
"HoChiMinh_202610041900_019f8","HoChiMinh","10.8231","106.6297","2026-10-04 19:00:00","2026-10-05 02:00:00","26.0","97.0","1010.3","1.6","39.1","39.2","2221.0","57.5","40.1","23.0","101","Unhealthy for Sensitive Groups","19","2026-10-04T19:00:00+00:00","2026","10","04"
"HoChiMinh_202610041800_018f8","HoChiMinh","10.8231","106.6297","2026-10-04 18:00:00","2026-10-05 01:00:00","26.3","96.0","1011.1","3.2","38.5","38.8","2579.0","57.0","41.0","27.0","101","Unhealthy for Sensitive Groups","18","2026-10-04T18:00:00+00:00","2026","10","04"
"HaNoi_202610041800_018f8","HaNoi","21.0285","105.8542","2026-10-04 18:00:00","2026-10-05 01:00:00","24.9","92.0","1012.4","12.6","11.6","11.7","413.0","8.3","6.9","66.0","76","Moderate","18","2026-10-04T18:00:00+00:00","2026","10","04"
"DaNang_202610041800_018f8","DaNang","16.0544","108.2022","2026-10-04 18:00:00","2026-10-05 01:00:00","28.8","79.0","1011.0","6.8","24.7","28.8","915.0","14.3","10.1","71.0","77","Moderate","18","2026-10-04T18:00:00+00:00","2026","10","04"
"DaNang_202610041700_017f8","DaNang","16.0544","108.2022","2026-10-04 17:00:00","2026-10-05 00:00:00","28.6","81.0","1011.4","6.3","21.3","25.1","857.0","13.3","11.2","79.0","77","Moderate","17","2026-10-04T17:00:00+00:00","2026","10","04"
"HaNoi_202610041700_017f8","HaNoi","21.0285","105.8542","2026-10-04 17:00:00","2026-10-05 00:00:00","23.5","96.0","1013.0","10.2","11.8","11.8","478.0","8.6","8.3","67.0","77","Moderate","17","2026-10-04T17:00:00+00:00","2026","10","04"
"HoChiMinh_202610041700_017f8","HoChiMinh","10.8231","106.6297","2026-10-04 17:00:00","2026-10-05 00:00:00","26.1","96.0","1011.8","0.5","40.2","40.4","2828.0","57.3","43.5","31.0","101","Unhealthy for Sensitive Groups","17","2026-10-04T17:00:00+00:00","2026","10","04"
"HoChiMinh_202610041600_016f8","HoChiMinh","10.8231","106.6297","2026-10-04 16:00:00","2026-10-04 23:00:00","26.3","95.0","1012.2","1.5","39.6","39.8","2992.0","57.4","46.5","36.0","101","Unhealthy for Sensitive Groups","16","2026-10-04T16:00:00+00:00","2026","10","04"
"DaNang_202610041600_016f8","DaNang","16.0544","108.2022","2026-10-04 16:00:00","2026-10-04 23:00:00","29.0","79.0","1012.2","6.6","18.9","23.1","754.0","12.0","13.1","87.0","79","Moderate","16","2026-10-04T16:00:00+00:00","2026","10","04"
"HaNoi_202610041600_016f8","HaNoi","21.0285","105.8542","2026-10-04 16:00:00","2026-10-04 23:00:00","23.9","94.0","1012.8","14.0","12.2","12.2","558.0","9.1","10.0","68.0","78","Moderate","16","2026-10-04T16:00:00+00:00","2026","10","04"
"HoChiMinh_202610041500_015f8","HoChiMinh","10.8231","106.6297","2026-10-04 15:00:00","2026-10-04 22:00:00","26.5","93.0","1012.0","2.1","38.2","38.4","2952.0","55.6","46.6","42.0","101","Unhealthy for Sensitive Groups","15","2026-10-04T15:00:00+00:00","2026","10","04"
"HaNoi_202610041500_015f8","HaNoi","21.0285","105.8542","2026-10-04 15:00:00","2026-10-04 22:00:00","24.2","96.0","1013.2","12.3","12.8","12.8","636.0","10.5","11.7","69.0","79","Moderate","15","2026-10-04T15:00:00+00:00","2026","10","04"
"DaNang_202610041500_015f8","DaNang","16.0544","108.2022","2026-10-04 15:00:00","2026-10-04 22:00:00","29.3","77.0","1012.1","6.9","16.6","21.1","668.0","10.8","14.0","95.0","99","Moderate","15","2026-10-04T15:00:00+00:00","2026","10","04"
"DaNang_202610041400_014f8","DaNang","16.0544","108.2022","2026-10-04 14:00:00","2026-10-04 21:00:00","29.6","75.0","1011.5","7.4","14.8","19.0","621.0","9.8","13.0","102.0","119","Unhealthy for Sensitive Groups","14","2026-10-04T14:00:00+00:00","2026","10","04"
"HoChiMinh_202610041400_014f8","HoChiMinh","10.8231","106.6297","2026-10-04 14:00:00","2026-10-04 21:00:00","26.7","91.0","1011.8","3.8","36.6","36.7","2582.0","50.1","40.9","52.0","102","Unhealthy for Sensitive Groups","14","2026-10-04T14:00:00+00:00","2026","10","04"
"HaNoi_202610041400_014f8","HaNoi","21.0285","105.8542","2026-10-04 14:00:00","2026-10-04 21:00:00","23.9","97.0","1013.2","5.9","16.4","16.4","711.0","13.5","13.2","72.0","80","Moderate","14","2026-10-04T14:00:00+00:00","2026","10","04"
"DaNang_202610041300_013f8","DaNang","16.0544","108.2022","2026-10-04 13:00:00","2026-10-04 20:00:00","30.0","72.0","1010.9","7.1","13.1","17.1","591.0","8.8","11.0","107.0","137","Unhealthy for Sensitive Groups","13","2026-10-04T13:00:00+00:00","2026","10","04"
"HaNoi_202610041300_013f8","HaNoi","21.0285","105.8542","2026-10-04 13:00:00","2026-10-04 20:00:00","24.3","96.0","1012.0","7.5","20.4","20.5","783.0","17.3","14.6","75.0","80","Moderate","13","2026-10-04T13:00:00+00:00","2026","10","04"
"HoChiMinh_202610041300_013f8","HoChiMinh","10.8231","106.6297","2026-10-04 13:00:00","2026-10-04 20:00:00","26.9","89.0","1011.6","4.8","31.0","31.1","2010.0","42.7","32.2","63.0","103","Unhealthy for Sensitive Groups","13","2026-10-04T13:00:00+00:00","2026","10","04"
"HoChiMinh_202610041200_012f8","HoChiMinh","10.8231","106.6297","2026-10-04 12:00:00","2026-10-04 19:00:00","27.0","89.0","1010.9","7.5","28.1","28.3","1498.0","37.3","25.8","71.0","104","Unhealthy for Sensitive Groups","12","2026-10-04T12:00:00+00:00","2026","10","04"
"HaNoi_202610041200_012f8","HaNoi","21.0285","105.8542","2026-10-04 12:00:00","2026-10-04 19:00:00","24.7","96.0","1010.8","7.9","22.1","22.4","832.0","20.1","15.6","78.0","79","Moderate","12","2026-10-04T12:00:00+00:00","2026","10","04"
"DaNang_202610041200_012f8","DaNang","16.0544","108.2022","2026-10-04 12:00:00","2026-10-04 19:00:00","30.6","69.0","1010.2","8.0","12.9","16.8","577.0","8.2","9.6","111.0","151","Unhealthy","12","2026-10-04T12:00:00+00:00","2026","10","04"
"DaNang_202610041100_011f8","DaNang","16.0544","108.2022","2026-10-04 11:00:00","2026-10-04 18:00:00","30.2","65.0","1009.6","7.1","18.3","22.7","587.0","7.1","10.5","127.0","155","Unhealthy","11","2026-10-04T11:00:00+00:00","2026","10","04"
"HaNoi_202610041100_011f8","HaNoi","21.0285","105.8542","2026-10-04 11:00:00","2026-10-04 18:00:00","26.6","89.0","1009.3","8.3","28.0","28.2","850.0","22.5","17.7","81.0","79","Moderate","11","2026-10-04T11:00:00+00:00","2026","10","04"
"HoChiMinh_202610041100_011f8","HoChiMinh","10.8231","106.6297","2026-10-04 11:00:00","2026-10-04 18:00:00","27.2","86.0","1010.1","1.3","37.4","37.6","1127.0","49.9","39.0","52.0","104","Unhealthy for Sensitive Groups","11","2026-10-04T11:00:00+00:00","2026","10","04"
"HoChiMinh_202610041000_010f8","HoChiMinh","10.8231","106.6297","2026-10-04 10:00:00","2026-10-04 17:00:00","27.7","83.0","1009.7","5.3","33.1","33.3","818.0","37.7","30.4","70.0","104","Unhealthy for Sensitive Groups","10","2026-10-04T10:00:00+00:00","2026","10","04"
"DaNang_202610041000_010f8","DaNang","16.0544","108.2022","2026-10-04 10:00:00","2026-10-04 17:00:00","30.8","61.0","1008.3","9.1","19.6","24.2","613.0","6.2","8.9","138.0","152","Unhealthy","10","2026-10-04T10:00:00+00:00","2026","10","04"
"HaNoi_202610041000_010f8","HaNoi","21.0285","105.8542","2026-10-04 10:00:00","2026-10-04 17:00:00","27.1","84.0","1008.8","9.8","23.1","23.4","846.0","20.7","16.6","95.0","79","Moderate","10","2026-10-04T10:00:00+00:00","2026","10","04"
"DaNang_202610040900_009f8","DaNang","16.0544","108.2022","2026-10-04 09:00:00","2026-10-04 16:00:00","31.7","56.0","1007.6","10.4","20.4","25.3","627.0","5.4","8.3","151.0","138","Unhealthy for Sensitive Groups","9","2026-10-04T09:00:00+00:00","2026","10","04"
"HaNoi_202610040900_009f8","HaNoi","21.0285","105.8542","2026-10-04 09:00:00","2026-10-04 16:00:00","27.7","81.0","1008.1","8.0","22.4","22.8","819.0","18.4","16.2","108.0","79","Moderate","9","2026-10-04T09:00:00+00:00","2026","10","04"
"HoChiMinh_202610040900_009f8","HoChiMinh","10.8231","106.6297","2026-10-04 09:00:00","2026-10-04 16:00:00","28.0","82.0","1009.0","5.3","26.4","26.7","595.0","27.2","24.6","93.0","105","Unhealthy for Sensitive Groups","9","2026-10-04T09:00:00+00:00","2026","10","04"
"HaNoi_202610040800_008f8","HaNoi","21.0285","105.8542","2026-10-04 08:00:00","2026-10-04 15:00:00","27.6","83.0","1007.9","7.1","21.4","22.3","758.0","15.3","17.5","121.0","79","Moderate","8","2026-10-04T08:00:00+00:00","2026","10","04"
"HoChiMinh_202610040800_008f8","HoChiMinh","10.8231","106.6297","2026-10-04 08:00:00","2026-10-04 15:00:00","29.3","75.0","1008.6","6.2","29.5","29.7","490.0","19.1","23.7","128.0","105","Unhealthy for Sensitive Groups","8","2026-10-04T08:00:00+00:00","2026","10","04"
"DaNang_202610040800_008f8","DaNang","16.0544","108.2022","2026-10-04 08:00:00","2026-10-04 15:00:00","32.5","54.0","1007.4","12.1","23.2","28.8","611.0","4.7","9.5","169.0","114","Unhealthy for Sensitive Groups","8","2026-10-04T08:00:00+00:00","2026","10","04"
"HaNoi_202610040700_007f8","HaNoi","21.0285","105.8542","2026-10-04 07:00:00","2026-10-04 14:00:00","27.0","86.0","1008.2","5.3","19.9","21.1","676.0","11.8","19.5","134.0","80","Moderate","7","2026-10-04T07:00:00+00:00","2026","10","04"
"DaNang_202610040700_007f8","DaNang","16.0544","108.2022","2026-10-04 07:00:00","2026-10-04 14:00:00","33.0","54.0","1008.3","13.4","25.7","29.7","585.0","4.1","11.7","188.0","85","Moderate","7","2026-10-04T07:00:00+00:00","2026","10","04"
"HoChiMinh_202610040700_007f8","HoChiMinh","10.8231","106.6297","2026-10-04 07:00:00","2026-10-04 14:00:00","28.3","78.0","1010.0","3.0","32.0","32.4","473.0","12.8","25.7","168.0","104","Unhealthy for Sensitive Groups","7","2026-10-04T07:00:00+00:00","2026","10","04"
"HaNoi_202610040600_006f8","HaNoi","21.0285","105.8542","2026-10-04 06:00:00","2026-10-04 13:00:00","27.0","88.0","1009.6","7.3","21.1","23.5","608.0","10.0","20.8","137.0","80","Moderate","6","2026-10-04T06:00:00+00:00","2026","10","04"
"DaNang_202610040600_006f8","DaNang","16.0544","108.2022","2026-10-04 06:00:00","2026-10-04 13:00:00","33.4","56.0","1009.3","11.7","28.3","31.3","576.0","4.0","13.9","197.0","71","Moderate","6","2026-10-04T06:00:00+00:00","2026","10","04"
"HoChiMinh_202610040600_006f8","HoChiMinh","10.8231","106.6297","2026-10-04 06:00:00","2026-10-04 13:00:00","30.1","64.0","1010.7","8.7","32.6","33.1","476.0","10.5","28.7","186.0","103","Unhealthy for Sensitive Groups","6","2026-10-04T06:00:00+00:00","2026","10","04"
"HaNoi_202610040500_005f8","HaNoi","21.0285","105.8542","2026-10-04 05:00:00","2026-10-04 12:00:00","26.7","90.0","1010.1","5.2","20.9","23.7","563.0","11.3","20.6","124.0","80","Moderate","5","2026-10-04T05:00:00+00:00","2026","10","04"
"HoChiMinh_202610040500_005f8","HoChiMinh","10.8231","106.6297","2026-10-04 05:00:00","2026-10-04 12:00:00","31.7","61.0","1011.3","4.8","30.7","31.2","391.0","14.1","33.0","166.0","103","Unhealthy for Sensitive Groups","5","2026-10-04T05:00:00+00:00","2026","10","04"
"DaNang_202610040500_005f8","DaNang","16.0544","108.2022","2026-10-04 05:00:00","2026-10-04 12:00:00","33.1","57.0","1010.3","11.8","31.0","34.2","600.0","4.2","16.4","191.0","70","Moderate","5","2026-10-04T05:00:00+00:00","2026","10","04"
"HoChiMinh_202610040400_004f8","HoChiMinh","10.8231","106.6297","2026-10-04 04:00:00","2026-10-04 11:00:00","30.7","66.0","1012.3","5.0","29.6","30.0","326.0","21.8","38.3","125.0","102","Unhealthy for Sensitive Groups","4","2026-10-04T04:00:00+00:00","2026","10","04"
"DaNang_202610040400_004f8","DaNang","16.0544","108.2022","2026-10-04 04:00:00","2026-10-04 11:00:00","32.8","59.0","1011.4","9.1","33.2","37.8","642.0","4.9","18.9","175.0","69","Moderate","4","2026-10-04T04:00:00+00:00","2026","10","04"
"HaNoi_202610040400_004f8","HaNoi","21.0285","105.8542","2026-10-04 04:00:00","2026-10-04 11:00:00","26.3","90.0","1010.7","11.4","21.8","25.1","533.0","14.3","19.8","101.0","80","Moderate","4","2026-10-04T04:00:00+00:00","2026","10","04"
"HaNoi_202610040300_003f8","HaNoi","21.0285","105.8542","2026-10-04 03:00:00","2026-10-04 10:00:00","28.5","80.0","1010.6","11.7","21.6","24.6","529.0","17.8","19.5","80.0","80","Moderate","3","2026-10-04T03:00:00+00:00","2026","10","04"
"HoChiMinh_202610040300_003f8","HoChiMinh","10.8231","106.6297","2026-10-04 03:00:00","2026-10-04 10:00:00","29.3","75.0","1013.2","6.0","30.9","31.3","545.0","30.5","42.7","87.0","101","Unhealthy for Sensitive Groups","3","2026-10-04T03:00:00+00:00","2026","10","04"
"DaNang_202610040300_003f8","DaNang","16.0544","108.2022","2026-10-04 03:00:00","2026-10-04 10:00:00","32.2","61.0","1011.8","7.6","31.9","37.3","687.0","6.5","19.3","153.0","69","Moderate","3","2026-10-04T03:00:00+00:00","2026","10","04"
"HaNoi_202610040200_002f8","HaNoi","21.0285","105.8542","2026-10-04 02:00:00","2026-10-04 09:00:00","29.3","77.0","1010.2","10.6","22.5","25.5","567.0","21.8","20.3","64.0","80","Moderate","2","2026-10-04T02:00:00+00:00","2026","10","04"
"HoChiMinh_202610040200_002f8","HoChiMinh","10.8231","106.6297","2026-10-04 02:00:00","2026-10-04 09:00:00","28.4","79.0","1013.4","4.6","38.3","38.8","1326.0","40.5","45.3","60.0","100","Moderate","2","2026-10-04T02:00:00+00:00","2026","10","04"
"DaNang_202610040200_002f8","DaNang","16.0544","108.2022","2026-10-04 02:00:00","2026-10-04 09:00:00","31.0","67.0","1012.0","6.5","26.8","31.2","739.0","9.9","15.7","121.0","69","Moderate","2","2026-10-04T02:00:00+00:00","2026","10","04"
"DaNang_202610040100_001f8","DaNang","16.0544","108.2022","2026-10-04 01:00:00","2026-10-04 08:00:00","29.5","74.0","1011.9","5.6","27.5","31.2","795.0","14.1","10.1","82.0","68","Moderate","1","2026-10-04T01:00:00+00:00","2026","10","04"
"HaNoi_202610040100_001f8","HaNoi","21.0285","105.8542","2026-10-04 01:00:00","2026-10-04 08:00:00","28.0","81.0","1009.8","9.7","25.3","27.8","631.0","26.3","21.5","50.0","80","Moderate","1","2026-10-04T01:00:00+00:00","2026","10","04"
"HoChiMinh_202610040100_001f8","HoChiMinh","10.8231","106.6297","2026-10-04 01:00:00","2026-10-04 08:00:00","27.5","85.0","1013.2","2.4","48.9","49.2","2389.0","51.5","47.0","38.0","98","Moderate","1","2026-10-04T01:00:00+00:00","2026","10","04"
"HoChiMinh_202610040000_000f8","HoChiMinh","10.8231","106.6297","2026-10-04 00:00:00","2026-10-04 07:00:00","26.9","88.0","1012.9","3.9","51.0","51.6","3161.0","59.3","48.1","22.0","96","Moderate","0","2026-10-04T00:00:00+00:00","2026","10","04"
"HaNoi_202610040000_000f8","HaNoi","21.0285","105.8542","2026-10-04 00:00:00","2026-10-04 07:00:00","26.9","87.0","1009.1","6.9","26.9","29.6","687.0","29.4","22.4","40.0","80","Moderate","0","2026-10-04T00:00:00+00:00","2026","10","04"
"DaNang_202610040000_000f8","DaNang","16.0544","108.2022","2026-10-04 00:00:00","2026-10-04 07:00:00","27.9","83.0","1011.6","5.4","29.9","32.9","829.0","17.2","5.9","55.0","68","Moderate","0","2026-10-04T00:00:00+00:00","2026","10","04"
